[
    {
        "id": 0,
        "title": "Salomon Speedcross",
        "imgUrl": "img/shoes1.jpg",
        "content": "Born in France",
        "price": 120001,
        "type": "unique",
        "color": "Colorful",
        "size": [235, 240, 245, 250, 255],
        "brand": "Valentino"
    },
    {
        "id": 1,
        "title": "Skechers Go Walk",
        "imgUrl": "img/shoes2.jpg",
        "content": "Born in Seoul",
        "price": 110000,
        "type": "Block Heel",
        "color": "Brown",
        "size": [240, 245, 250],
        "brand": "Aldo"
    },
    {
        "id": 2,
        "title": "Lacoste Carnaby",
        "imgUrl": "img/shoes3.jpg",
        "content": "Born in the States",
        "price": 80000,
        "type": "boots",
        "color": "Green",
        "size": [245, 250, 255, 260],
        "brand": "Tory"
    },
    {
        "id": 3,
        "title": "UGG Classic Short",
        "imgUrl": "img/shoes4.jpg",
        "content": "Only 5 inches",
        "price": 47000,
        "type": "Block Heel",
        "color": "Green",
        "size": [240, 245, 250],
        "brand": "Olympia"
    },
    {
        "id": 4,
        "title": "Ecco Soft 7",
        "imgUrl": "img/shoes5.jpg",
        "content": "For less than 6",
        "price": 140000,
        "type": "Block Heel",
        "color": "Beige",
        "size": [235, 240],
        "brand": "Valentino"
    },
    {
        "id": 5,
        "title": "Fila Disruptor II",
        "imgUrl": "img/shoes6.jpg",
        "content": "Born in France",
        "price": 120000,
        "type": "boots",
        "color": "Black",
        "size": [245, 250, 255],
        "brand": "Aldo"
    },
    {
        "id": 6,
        "title": "North Face",
        "imgUrl": "img/shoes7.jpg",
        "content": "Only 5 inches",
        "price": 170000,
        "type": "comfortable",
        "color": "Blue Roan",
        "size": [235, 240, 245],
        "brand": "Tory"
    },
    {
        "id": 7,
        "title": "Cortez",
        "imgUrl": "img/shoes8.jpg",
        "content": "For less than 6",
        "price": 160000,
        "type": "comfortable",
        "color": "Red",
        "size": [240, 245, 250],
        "brand": "Valentino"
    },
    {
        "id": 8,
        "title": "Fresh Foam",
        "imgUrl": "img/shoes9.jpg",
        "content": "Born in France",
        "price": 150000,
        "type": "athletic",
        "color": "Colorful",
        "size": [235, 240, 245],
        "brand": "Red"
    },
    {
        "id": 9,
        "title": "Skechers Go Walk",
        "imgUrl": "img/shoes10.jpg",
        "content": "Perfect for jogging",
        "price": 130000,
        "type": "boots",
        "color": "Black",
        "size": [235, 240, 245, 250],
        "brand": "Nike"
    },
    {
        "id": 10,
        "title": "Elegant Black",
        "imgUrl": "img/shoes11.jpg",
        "content": "For formal occasions",
        "price": 175000,
        "type": "comfortable",
        "color": "White",
        "size": [235, 240],
        "brand": "Olympia"
    },
    {
        "id": 11,
        "title": "K-Swiss Classic",
        "imgUrl": "img/shoes12.jpg",
        "content": "Everyday wear",
        "price": 100000,
        "type": "unique",
        "color": "Colorful",
        "size": [240, 245, 250],
        "brand": "Valentino"
    },
    {
        "id": 12,
        "title": "Aldo Nelle",
        "imgUrl": "img/shoes13.jpg",
        "content": "Tough and durable",
        "price": 180000,
        "type": "dress shoes",
        "color": "Green",
        "size": [235, 240, 245],
        "brand": "Aldo"
    },
    {
        "id": 13,
        "title": "Sporty Yellow",
        "imgUrl": "img/shoes14.jpg",
        "content": "Lightweight and comfortable",
        "price": 125000,
        "type": "dress shoes",
        "color": "Pink",
        "size": [235, 240, 245],
        "brand": "Tory"
    },
    {
        "id": 14,
        "title": "Native Jefferson",
        "imgUrl": "img/shoes15.jpg",
        "content": "Timeless design",
        "price": 150000,
        "type": "comfortable",
        "color": "Blue Roan",
        "size": [250, 255, 260],
        "brand": "Olympia"
    },
    {
        "id": 15,
        "title": "Elegant Blue",
        "imgUrl": "img/shoes16.jpg",
        "content": "Stylish for all occasions",
        "price": 160000,
        "type": "dress shoes",
        "color": "Green",
        "size": [240, 245],
        "brand": "Valentino"
    },
    {
        "id": 16,
        "title": "Green Adventure",
        "imgUrl": "img/shoes17.jpg",
        "content": "Great for outdoor activities",
        "price": 140000,
        "type": "athletic",
        "color": "Red",
        "size": [235, 240, 245],
        "brand": "Olympia"
    },
    {
        "id": 17,
        "title": "Casual Brown",
        "imgUrl": "img/shoes18.jpg",
        "content": "Stylish and comfortable",
        "price": 120000,
        "type": "comfortable",
        "color": "Red",
        "size": [235, 245, 250],
        "brand": "Nike"
    },
    {
        "id": 18,
        "title": "Vibrant Pink",
        "imgUrl": "img/shoes19.jpg",
        "content": "Make a statement",
        "price": 110000,
        "type": "unique",
        "color": "Colorful",
        "size": [240, 245, 250],
        "brand": "Valentino"
    },
    {
        "id": 19,
        "title": "Sturdy Black",
        "imgUrl": "img/shoes20.jpg",
        "content": "Built to last",
        "price": 190000,
        "type": "boots",
        "color": "Black",
        "size": [240, 245, 250],
        "brand": "Aldo"
    },
    {
        "id": 20,
        "title": "Sporty Gray",
        "imgUrl": "img/shoes21.jpg",
        "content": "Perfect for sports",
        "price": 130000,
        "type": "Block Heel",
        "color": "Green",
        "size": [235, 240, 245],
        "brand": "Olympia"
    },
    {
        "id": 21,
        "title": "Sunny Yellow",
        "imgUrl": "img/shoes22.jpg",
        "content": "Brighten up your day",
        "price": 115000,
        "type": "Block Heel",
        "color": "Brown",
        "size": [240, 245],
        "brand": "Aldo"
    },
    {
        "id": 22,
        "title": "Classic Red",
        "imgUrl": "img/shoes23.jpg",
        "content": "A timeless classic",
        "price": 135000,
        "type": "boots",
        "color": "Beige",
        "size": [235, 240],
        "brand": "Valentino"
    },
    {
        "id": 23,
        "title": "Black and White",
        "imgUrl": "img/shoes24.jpg",
        "content": "Sleek design",
        "price": 160000,
        "type": "comfortable",
        "color": "Colorful",
        "size": [235, 240, 245],
        "brand": "Valentino"
    },
    {
        "id": 24,
        "title": "Vintage Sneakers",
        "imgUrl": "img/shoes25.jpg",
        "content": "Retro style",
        "price": 150000,
        "type": "comfortable",
        "color": "Colorful",
        "size": [245, 250, 255],
        "brand": "Valentino"
    },
    {
        "id": 25,
        "title": "Comfort Slip-ons",
        "imgUrl": "img/shoes26.jpg",
        "content": "Easy to wear",
        "price": 125000,
        "type": "sandals",
        "color": "Green",
        "size": [240, 245, 250],
         "brand": "Tory"
    },
    {
        "id": 26,
        "title": "Hiking Champions",
        "imgUrl": "img/shoes27.jpg",
        "content": "Ready for adventure",
        "price": 180000,
        "type": "sandals",
        "color": "Colorful",
        "size": [250, 255, 260],
        "brand": "Aldo"
    },
    {
        "id": 27,
        "title": "Chic White",
        "imgUrl": "img/shoes28.jpg",
        "content": "Elegant design",
        "price": 145000,
        "type": "sandals",
        "color": "Brown",
        "size": [235, 240],
        "brand": "Olympia"
    },
    {
        "id": 28,
        "title": "Blue High Tops",
        "imgUrl": "img/shoes29.jpg",
        "content": "Stylish and trendy",
        "price": 160000,
        "type": "sandals",
        "color": "Brown",
        "size": [240, 245, 250],
        "brand": "Valentino"
    },
    {
        "id": 29,
        "title": "Leather Classic",
        "imgUrl": "img/shoes30.jpg",
        "content": "Timeless leather shoes",
        "price": 200000,
        "type": "boots",
        "color": "Orange",
        "size": [255, 260],
        "brand": "Tory"
    },
    {
        "id": 30,
        "title": "Cool Grey",
        "imgUrl": "img/shoes31.jpg",
        "content": "Subtle yet stylish",
        "price": 135000,
        "type": "sandals",
        "color": "Green",
        "size": [250, 255],
        "brand": "Valentino"
    },
    {
        "id": 31,
        "title": "Summer Sandals",
        "imgUrl": "img/shoes32.jpg",
        "content": "Perfect for the beach",
        "price": 90000,
        "type": "comfortable",
        "color": "Purple",
        "size": [240, 245],
        "brand": "Olympia"
    },
    {
        "id": 32,
        "title": "Biking Shoes",
        "imgUrl": "img/shoes33.jpg",
        "content": "For cycling enthusiasts",
        "price": 160000,
        "type": "comfortable",
        "color": "Blue Roan",
        "size": [250, 255],
        "brand": "Valentino"
    },
    {
        "id": 33,
        "title": "Casual Comfort",
        "imgUrl": "img/shoes34.jpg",
        "content": "Everyday wear",
        "price": 125000,
        "type": "unique",
        "color": "Blue Roan",
        "size": [235, 240, 245],
        "brand": "Olympia"
    },
    {
        "id": 34,
        "title": "Luxurious Brown",
        "imgUrl": "img/shoes35.jpg",
        "content": "For formal occasions",
        "price": 190000,
        "type": "Block Heel",
        "color": "Beige",
        "size": [235, 240],
        "brand": "Aldo"
    },
    {
        "id": 35,
        "title": "Skateboard Sneakers",
        "imgUrl": "img/shoes36.jpg",
        "content": "Great grip for skating",
        "price": 110000,
        "type": "Block Heel",
        "color": "Beige",
        "size": [240, 245, 250],
        "brand": "Valentino"
    },
    {
        "id": 36,
        "title": "Athletic",
        "imgUrl": "img/shoes37.jpg",
        "content": "Designed for sports",
        "price": 150000,
        "type": "boots",
        "color": "Brown",
        "size": [250, 255],
        "brand": "Aldo"
    },
    {
        "id": 37,
        "title": "Stylish Sneakers",
        "imgUrl": "img/shoes38.jpg",
        "content": "Fashion-forward design",
        "price": 130000,
        "type": "boots",
        "color": "Colorful",
        "size": [230, 245, 250],
        "brand": "Olympia"
    },
    {
        "id": 38,
        "title": "Professional Black",
        "imgUrl": "img/shoes39.jpg",
        "content": "Business casual",
        "price": 170000,
        "type": "comfortable",
        "color": "Colorful",
        "size": [255, 260],
        "brand": "Aldo"
    },
    {
        "id": 39,
        "title": "Beach Flip-Flops",
        "imgUrl": "img/shoes40.jpg",
        "content": "Perfect for summer",
        "price": 50000,
        "type": "comfortable",
        "color": "Brown",
        "size": [240, 245],
        "brand": "Tory"
    },
    {
        "id": 40,
        "title": "Snow Boots",
        "imgUrl": "img/shoes41.jpg",
        "content": "Warm and cozy",
        "price": 240000,
        "type": "Block Heel",
        "color": "black",
        "size": [235, 240, 245],
        "brand": "Valentino"
    },
    {
        "id": 41,
        "title": "Classic Casual",
        "imgUrl": "img/shoes42.jpg",
        "content": "Simple and elegant",
        "price": 120000,
        "type": "sandals",
        "color": "Colorful",
        "size": [240, 245],
        "brand": "Aldo"
    },
    {
        "id": 42,
        "title": "Trekking Sandals",
        "imgUrl": "img/shoes43.jpg",
        "content": "Great for hikes",
        "price": 95000,
        "type": "boots",
        "color": "Green",
        "size": [250, 255],
        "brand": "Tory"
    },
    {
        "id": 43,
        "title": "Funky Sneakers",
        "imgUrl": "img/shoes44.jpg",
        "content": "Colorful and fun",
        "price": 135000,
        "type": "boots",
        "color": "Colorful",
        "size": [240, 245, 250],
        "brand": "Olympia"
    },
    {
        "id": 44,
        "title": "Professional Red",
        "imgUrl": "img/shoes45.jpg",
        "content": "Formal and elegant",
        "price": 190000,
        "type": "comfortable",
        "color": "Black",
        "size": [250, 260],
        "brand": "Aldo"
    },
    {
        "id": 45,
        "title": "Bright Sneakers",
        "imgUrl": "img/shoes46.jpg",
        "content": "Stand out in the crowd",
        "price": 140000,
        "type": "dress shoes",
        "color": "Purple",
        "size": [245, 250],
       "brand": "Valentino"
    },
    {
        "id": 46,
        "title": "Funky High Tops",
        "imgUrl": "img/shoes47.jpg",
        "content": "Fun and stylish",
        "price": 150000,
        "type": "dress shoes",
        "color": "Red",
        "size": [235, 245, 250],
        "brand": "Olympia"
    },
    {
        "id": 47,
        "title": "Rugged Outdoors",
        "imgUrl": "img/shoes48.jpg",
        "content": "Perfect for adventures",
        "price": 210000,
        "type": "athletic",
        "color": "Colorful",
        "size": [245, 250, 260],
        "brand": "Nike"
    },
    {
        "id": 48,
        "title": "Stylish Flip-Flops",
        "imgUrl": "img/shoes49.jpg",
        "content": "Perfect for summer fun",
        "price": 60000,
        "type": "boots",
        "color": "Red",
        "size": [240, 245],
        "brand": "Valentino"
    },
    {
        "id": 49,
        "title": "Elegant Heels",
        "imgUrl": "img/shoes50.jpg",
        "content": "For special occasions",
        "price": 250000,
        "type": "boots",
        "color": "Blue",
        "size": [230, 245, 250],
        "brand": "Olympia"
    },
    {
        "id": 50,
        "title": "Casual Loafers",
        "imgUrl": "img/shoes51.jpg",
        "content": "Comfortable for everyday",
        "price": 130000,
        "type": "athletic",
        "color": "Colorful",
        "size": [250, 255],
        "brand": "Nike"
    }
]
